StartPos,ObjectifPos,Piege1,Piege2,Piege3,Win,TryRemaining,Temps,ActNb,JumpsPos
"(715.0, 490.0)","(195.0, 89.375)","(12, 2)","(5, 5)","(2, 4)",True,3,10.359354734420776,10,"[(795.0, 505.0), (895.0, 425.0), (895.0, 480.0), (795.0, 400.0), (895.0, 345.0), (425.0, 375.0), (120.0, 375.0), (15.0, 310.0), (115.0, 235.0), (15.0, 155.0)]"
"(715.0, 490.0)","(195.0, 89.375)","(12, 2)","(5, 5)","(2, 4)",True,3,10.405997514724731,10,"[(795.0, 505.0), (895.0, 425.0), (895.0, 480.0), (795.0, 400.0), (895.0, 345.0), (425.0, 375.0), (120.0, 375.0), (15.0, 310.0), (115.0, 235.0), (15.0, 155.0)]"
"(715.0, 490.0)","(195.0, 89.375)","(12, 2)","(5, 5)","(2, 4)",False,0,28.803110122680664,31,"[(860.0, 505.0), (895.0, 405.0), (795.0, 330.0), (895.0, 250.0), (895.0, 450.0), (785.0, 410.0), (870.0, 505.0), (895.0, 410.0), (795.0, 360.0), (895.0, 320.0), (425.0, 375.0), (145.0, 375.0), (35.0, 310.0), (15.0, 375.0), (825.0, 505.0), (895.0, 410.0), (795.0, 355.0), (895.0, 320.0), (425.0, 375.0), (130.0, 375.0), (55.0, 275.0), (50.0, 280.0), (15.0, 315.0), (15.0, 505.0), (115.0, 435.0), (15.0, 370.0), (730.0, 505.0), (845.0, 505.0), (895.0, 410.0), (795.0, 350.0), (895.0, 310.0)]"
"(715.0, 490.0)","(195.0, 89.375)","(12, 2)","(5, 5)","(2, 4)",True,3,10.235565423965454,10,"[(795.0, 505.0), (895.0, 425.0), (895.0, 480.0), (795.0, 400.0), (895.0, 345.0), (425.0, 375.0), (120.0, 375.0), (15.0, 310.0), (115.0, 235.0), (15.0, 155.0)]"
