StartPos,ObjectifPos,Piege1,Piege2,Piege3,Win,TryRemaining,Temps,ActNb,JumpsPos
"(715.0, 490.0)","(195.0, 89.375)","(12, 2)","(5, 5)","(2, 4)",True,3,10.359354734420776,10,"[(795.0, 505.0), (895.0, 425.0), (895.0, 480.0), (795.0, 400.0), (895.0, 345.0), (425.0, 375.0), (120.0, 375.0), (15.0, 310.0), (115.0, 235.0), (15.0, 155.0)]"
"(715.0, 490.0)","(195.0, 89.375)","(12, 2)","(5, 5)","(2, 4)",True,3,10.405997514724731,10,"[(795.0, 505.0), (895.0, 425.0), (895.0, 480.0), (795.0, 400.0), (895.0, 345.0), (425.0, 375.0), (120.0, 375.0), (15.0, 310.0), (115.0, 235.0), (15.0, 155.0)]"
